"Organização";"Nome";"Descrição";"Tags";"Quantidade Recursos";"Quantidade Reusos";"Quantidade Downloads";"Quantidade Seguidores"
"Ministério da Gestão e da Inovação em Serviços Públicos";"Remuneração dos Servidores Públicos Federais e dos Ex-Territórios do Poder Executivo Federal";"Esta publicação informa a remuneração dos Servidores Públicos Federais Civis e dos Ex-Territórios do Poder Executivo, com a divulgação das Tabelas de Remuneração atribuídas aos cargos e/ou carreiras.
Os dados nas referidas tabelas serão corrigidos e o caderno reeditado sempre que houver alteração.
O Mes/Ano na tabela refere-se ao inicio de sua vigência.";"";"2";"0";"186";"0"
"Ministério da Gestão e da Inovação em Serviços Públicos";"Abono de Permanência";"O abono de permanência foi instituído pela Emenda Constitucional nº 41/03, e é um benefício pecuniário concedido ao servidor que tendo alcançado todos os requisitos para se aposentar voluntariamente, opte por permanecer em atividade até, no máximo, a idade para se aposentar compulsoriamente, sendo seu valor correspondente ao valor da contribuição previdenciária do servidor.";"administração pública";"1";"0";"13";"0"
"Ministério da Gestão e da Inovação em Serviços Públicos";"Aposentados";"As informações disponíveis nesta consulta referem-se aos servidores aposentados do Poder Executivo Federal, não incluindo portanto, dados sobre servidores ativos, pensionistas ou instituidores de pensão, nem mesmo sobre servidores dos poderes Judiciário e Legislativo. 
Os dados sobre servidores civis têm origem no Sistema Integrado de Administração de Recursos Humanos (Siape) e reúnem informações dos órgãos integrantes do Sistema de Pessoal Civil da Administração Federal (Sipec), e não incluem dados relativos aos servidores do Banco Central do Brasil (Bacen). 
Os arquivos são os disponibilizados pelo Portal de dados abertos, e portanto, não são da fonte primária. Estão disponíveis informações, em formato aberto, sobre nome do aposentado, cpf (desconfigurado) órgão de origem, cargo emprego, regime jurídico, fundamentação da aposentadoria  dos servidores públicos do executivo federal. 
Os arquivos abaixo apresentam: 
1) Servidores: NOME; CPF(descaracterizado); MATRICULA; SITUAÇÃO DE VINCULO; UPAG(unidade pagadora); ÓRGÃO DE ORIGEM; DESCRIÇÃO-CARGO-EMPREGO;  CLASSE-CARGO; PADRÃO-CARGO; REFERENCIA-CARGO; NÍVEL_CARGO ; REGIME JURÍDICO; FUNDAMENTAÇÃO DA APOSENTADORIA; DATA DA OCORRÊNCIA; DATA DA PUBLICAÇÃO DOU; DATA DE APOSENTADORIA; INGRESSO NO SERVIÇO PÚBLICO; DOCUMENTO LEGAL; NÚMERO DO DOCUMENTO LEGAL E DATA DE PUBLICAÇÃO.";"Ações  do Governo Federal";"1";"0";"240";"0"
"Ministério da Gestão e da Inovação em Serviços Públicos";"Abono de Permanência do Poder Executivo Federal";"Abono de Permanência
O abono de permanência é um benefício pecuniário concedido ao servidor que opte por permanecer em atividade após ter cumprido todos os requisitos para aposentadoria voluntária, no valor equivalente à sua contribuição previdenciária, até completar as exigências para a aposentadoria compulsória.
INFORMAÇÕES GERAIS
	O tempo de serviço e/ou contribuição anterior à FIOCRUZ, deverá ser comprovado mediante certidões emitidas pelo Instituto Nacional de Seguridade Social ou pelo respectivo órgão da Administração Pública.
	O Abono de Permanência é devido a partir do cumprimento dos requisitos para sua obtenção, limitada a vigência da Emenda Constitucional 41, de 19.12.2003, conforme orientação contida no Ofício Circular n° 25/SRH/MP, de 29.10.2004 e § 3º do art. 3º da Orientação Normativa nº 01/SPS/INSS, de 06.01.2004.
	O passivo financeiro gerado no período anterior a janeiro de 2005 será efetivado observando-se as regras de pagamento de exercício anteriores.

EXIGÊNCIA DOCUMENTAL
Deverá ser anexado ao requerimento de concessão do Abono de Permanência, o Mapa de Tempo de Serviço devidamente atualizado e assinado pelo SRH da unidade de lotação do requerente.

PROCEDIMENTOS
A concessão do Abono de Permanência será efetivada mediante a protocolização do pedido do servidor através de requerimento próprio, devendo constar a expressão opção por permanecer em atividade.
";"servidor federal";"0";"0";"0";"0"
"Ministério da Gestão e da Inovação em Serviços Públicos";"Afastamento Remunerado";"Afastamentos e Licenças

O servidor público federal dispõe de modalidades de afastamentos e de licenças que estão previstas por legislação específica e relacionadas pela necessidade do servidor e da administração pública.
Em relação às modalidades e às suas especificidades, seguem os diferentes tipos de afastamentos e licenças previstos pela legislação brasileira.

Afastamentos
Afastamento para Justiça Eleitoral
Afastamento para Mandato Eletivo
Afastamento para ser cedido para ter exercício em outro órgão ou entidade dos   Poderes da União, dos Estados, ou do Distrito Federal e dos Municípios
Afastamento para Estudo ou Missão no Exterior
Afastamentos para realização de programas de mestrado e doutorado
Afastamentos para realização de programas de pós-doutorado
Afastamento de servidor para servir em organismo internacional de que o Brasil participe ou com o qual coopere dar-se-á com perda total da remuneração.
 
Licenças
Licença à Maternidade
Licença Incentivada sem Remuneração
Licença para Atividade Política
Licença para Capacitação
Licença para Desempenho de Mandato Classista
Licença para Tratamento de Saúde
Licença para Tratar de Interesses Particulares
Licença Paternidade
Licença por Acidente em Serviço
Licença por Motivo de Afastamento do Cônjuge ou Companheiro
Licença por Motivo de Doença em Pessoa da Família
Licença-Prêmio por Assiduidade

";"Afastamento Remunerado,Servidor";"0";"0";"0";"0"
"Ministério da Gestão e da Inovação em Serviços Públicos";"Brasil Mapeado";"O Brasil Mapeado é um aplicativo que permite a visualização em uma dimensão espacial de vários tipos de instalações e os espaços físicos, públicos ou privados, onde é prestado de forma presencial algum tipo de serviço do poder público à pessoa física ou jurídica.

![exemplo de tela do mapa](/wp/wp-content/uploads/2017/10/brasil-mapeado-546px.gif)

O aplicativo foi construido para o o [Concurso de Aplicativos para Dados Abertos](/concurso/concurso-nacional-de-dados-abertos) realizado pelo Ministério do Planejamento, Orçamento e Gestão; e pelo Comitê Gestor da Internet no Brasil (CGI.Br), representado pelo Núcleo de Informação e Coordenação do Ponto BR (NIC.Br), por meio do Escritório Brasileiro do W3C Brasil

A partir da localização fornecida (primeiramente tenta-se obter a localização através de um [serviço de geolocalização disponível na internet](http://www.w3schools.com/html/html5_geolocation.asp) - verificar se o browser tem permissão de geolocalização - e no caso de insucesso, o usuário poderá digitar sua cidade ou endereço atual), a aplicação será iniciada com o mapa tendo como ponto central sua localização. Atentamos que o serviço de localização não é muito preciso, porém ao ser acessado por dispositivos móveis que disponha da ferramente de GPS e está esteja ativada, a geocodificação é mais precisa.

No lado direita da aplicação, tem-se o gerenciador de camadas, no qual são exibidas todas as camadas de equipamentos públicos disponíveis. Ao selecionar qualquer uma das camadas, será exibido no mapa, caso existam, os equipamentos mais próximos de sua localização. Clicando sobre qualquer um dos ícone, um Info-Window (janela de informação) com os detalhes dos equipamentos será exibida, tendo a possibilidade de compartilhamento com Facebook ou Twitter.";"Cartografia,Mapas Interativos,atendimento ao cidadão,equipamentos públicos";"1";"0";"0";"0"
"Ministério da Gestão e da Inovação em Serviços Públicos";"Dados de Pessoal do Executivo Federal – Boletim Estatístico de Pessoas - BEP";"O BEP é uma publicação com dados sobre a despesa de pessoal da União, o qual foi publicado até janeiro de 2017.  Foi substituído pelo Painel Estatístico de Pessoal-PEP em março com dados à partir de janeiro de 2017, que contém informações estatísticas de pessoal do Poder Executivo Federal.";"Governo Federal";"1";"0";"95";"0"
"Ministério da Gestão e da Inovação em Serviços Públicos";"Gratificação Gsiste";"As informações disponíveis nesta consulta referem-se aos servidores ativos do Poder Executivo Federal, não incluindo portanto, dados sobre servidores aposentados, pensionistas ou instituidores de pensão, nem mesmo sobre servidores dos poderes Judiciário e Legislativo.

Os dados sobre servidores civis têm origem no Sistema Integrado de Administração de Recursos Humanos (Siape) e reúnem informações dos órgãos integrantes do Sistema de Pessoal Civil da Administração Federal (Sipec), além de dados relativos aos servidores do Banco Central do Brasil (Bacen).

A Gratificação Temporária das Unidades dos Sistemas Estruturadores da Administração Pública Federal – GSISTE foi instituída pela Lei nº 11.356, de 19 de outubro de 2006, a  a ser concedida aos titulares de cargos de provimento efetivo, em exercício no órgão central e nos órgãos setoriais, seccionais e correlatos dos sistemas estruturadores de Administração Financeira Federal, de Contabilidade Federal, dentre outros, enquanto permanecerem nessa condição.";"GSISTE,Gratificação,Servidor Público";"1";"0";"39";"1"
"Ministério da Gestão e da Inovação em Serviços Públicos";"Servidores Públicos Afastados";"Afastamentos e Licenças

O servidor público federal dispõe de modalidades de afastamentos e de licenças que estão previstas por legislação específica e relacionadas pela necessidade do servidor e da administração pública.
Em relação às modalidades e às suas especificidades, seguem os diferentes tipos de afastamentos e licenças previstos pela legislação brasileira.

Afastamento para Justiça Eleitoral
Afastamento para Mandato Eletivo
Afastamento para ser cedido para ter exercício em outro órgão ou entidade dos   Poderes da União, dos Estados, ou do Distrito Federal e dos Municípios
Afastamento para Estudo ou Missão no Exterior
Afastamentos para realização de programas de mestrado e doutorado
Afastamentos para realização de programas de pós-doutorado
Afastamento de servidor para servir em organismo internacional de que o Brasil participe ou com o qual coopere dar-se-á com perda total da remuneração.
 
Licenças
Licença à Maternidade
Licença Incentivada sem Remuneração
Licença para Atividade Política
Licença para Capacitação
Licença para Desempenho de Mandato Classista
Licença para Tratamento de Saúde
Licença para Tratar de Interesses Particulares
Licença Paternidade
Licença por Acidente em Serviço
Licença por Motivo de Afastamento do Cônjuge ou Companheiro
Licença por Motivo de Doença em Pessoa da Família
Licença-Prêmio por Assiduidade

";"Afastados,Publicos,Servidores";"1";"0";"71";"0"
"Ministério da Gestão e da Inovação em Serviços Públicos";"SICONV";"O Sistema de Gestão de Convênios e Contratos de Repasse (SICONV) é a iniciativa do Governo Federal responsável por todo o ciclo de vida dos convênios, contratos de repasse e termos de parceria, no qual são registrados os atos, desde a formalização da proposta até a prestação de contas final.";"convenios,parceria,repasses,termos de cooperação,transferencias da uniao,transferência";"1";"1";"394";"7"
"Ministério da Gestão e da Inovação em Serviços Públicos";"SCDP";"O Sistema de Concessão de Diárias e Passagens é um sistema eletrônico que integra as atividades de concessão, registro, acompanhamento, gestão e controle das diárias e passagens, decorrentes de viagens realizadas no interesse da administração, em território nacional ou estrangeiro.";"Hotel,avião,concessão,diárias,hoteis,internacional,passagens,scdp,transporte,viagem,viagem a serviço,viagens";"1";"0";"31";"0"
"Ministério da Gestão e da Inovação em Serviços Públicos";"SIAPE";"O Sistema Integrado de Administração de Recursos Humanos (SIAPE) tem a missão de integrar todas as plataformas de gestão da folha de pessoal dos servidores públicos. ";"aposentadoria,aposentados,ativos,folha de pagamento,pagamento,pensão,recursos humanos,servidor,servidores,siape,siapenet";"1";"0";"138";"1"
"Ministério da Gestão e da Inovação em Serviços Públicos";"ComprasNet";"Informações sobre Compras Governamentais";"compras governamentais,comprasnet,contrato,contratos,fornecedor,fornecedores,licitação,licitações,materiais,notas de empenho,serviços,siasg,siasgnet";"1";"0";"194";"1"
"Ministério da Gestão e da Inovação em Serviços Públicos";"Concurso Nacional de Dados Abertos";"O objetivo do concurso foi estimular o desenvolvimento de ferramentas e visualizações baseadas em dados abertos, inclusive as que utilizem como fonte mais de uma base. 

O concurso premiou soluções em duas modalidades:

* desenvolvimento de soluções de software interativo, disponíveis na web, que permitam acesso via navegador, inclusive de dispositivos móveis;
* desenvolvimento de infográficos baseadas na utilização de dados abertos, disponíveis na web, que permitam acesso via navegador, inclusive de dispositivos móveis.

A cerimônia de premiação do concurso ocorreu durante o [II Encontro Nacional de Dados Abertos](http://wiki.dados.gov.br/II-Encontro-Nacional-de-Dados-Abertos.ashx), em 21/11/2013.

## Notícias

* [Inscrições abertas para o Concurso Nacional de Dados Abertos](https://www.brasil.gov.br/ciencia-e-tecnologia/2013/11/inscricoes-abertas-para-o-concurso-nacional-de-dados-abertos) (Portal Brasil)
* [Concurso Nacional de Dados Abertos : interessados já podem se inscrever](/noticia/concurso-nacional-de-dados-abertos-interessados-ja-podem-se-inscrever)
* [Dados abertos: inscrições para concurso terminam neste domingo](/noticia/dados-abertos-inscricoes-para-concurso-terminam-neste-domingo)
* [Conheça os vencedores do Concurso Nacional de Dados Abertos](/noticia/conheca-os-vencedores-do-concurso-nacional-de-dados-abertos)

## Soluções vencedoras

### [Brasil Mapeado](/aplicativo/brasil-mapeado)

O Brasil Mapeado mostra ao cidadão, em um mapa, quais os locais de atendimento de serviços de interesse público estão próximos ao local onde ele se encontra ou a qualquer outro desejado. O cidadão pode ainda selecionar quais tipos de postos de atendimento deseja visualizar no mapa. O aplicativo utiliza quase todos os conjuntos de dados dos equipamentos públicos e ainda inclui as universidades e institutos federais de ensino superior. Os endereços constantes nessas bases de dados foram geo-codificados para que a sua localização pudesse ser mostrada em um mesmo mapa.

### [Agências do MTE](/aplicativo/mootiro-maps-atendimento-do-ministerio-do-trabalho-e-emprego)

O aplicativo geo-codificação das agências, gerências e superintendências de atendimento do Ministério do Trabalho e Emprego (MTE) inclui no projeto Mootiro Maps a geo-localização desses postos de atendimento, que são considerados equipamentos públicos. O projeto Mootiro Maps é uma iniciativa que pretende contar com a colaboração dos cidadãos (no conceito de crowdsourcing), para identificar e resolver problemas urbanos. Por exemplo, cada posto de atendimento recebe uma página com endereço específico, onde além de constarem as informações oficiais sobre o mesmo, o cidadão pode fazer comentários, compartilhar em redes sociais, curtir, associar a um registro de problema ou projeto.

### [PAC Info](/aplicativo/pac-info)

A solução PAC Info traz uma visualização simplificada das obras do programa. É possível saber onde está cada investimento, qual o valor total já aplicado e o andamento das construções. Além disso, o aplicativo também permite fazer uma comparação dos investimentos por região.

### [Análise do Acesso à Educação](/aplicativo/analise-do-acesso-a-educacao)

O único premiado na categoria infográficos, a solução tem o objetivo de partilhar gráficos que mostram o acesso a Educação Básica e Superior no Brasil. A ferramenta permite, ainda, uma análise da distribuição dos professores pelo País.";"ensino superior,equipamentos públicos,programa de aceleração do crescimento,trabalho,transferências voluntárias";"4";"0";"93";"0"
"Ministério da Gestão e da Inovação em Serviços Públicos";"Servidores do Poder Executivo Federal - PDV (Programa de Desligamento Voluntário)";"O governo Federal vem implementando medidas com o objetivo de aumentar a eficiência no serviço público  ao tempo em que busca soluções para a racionalização dos gastos públicos, visando obter crescimento econômico necessário, cuidando de suas atividades precípuas. Dentre essas medidas, inclui-se o PDV, que é um programa de adesão voluntária do servidor público ocupante do cargo efetivo da Administração Pública Federal direta, autárquica e fundacional. O PDV tem como objetivo a diminuição de gastos com pessoal por meio de estímulo à ruptura do vínculo funcional com a União, mediante mecanismo de incentivo financeiro. O Programa de Desligamento Voluntario - PDV foi instituído pela Medida Provisória nº 792 de 26 de julho de 2017 e teve seu prazo de vigência encerrado em 28 de novembro de 2017. O conjunto de dados apresentados não contempla servidores do Banco Central do Brasil nem as Carreiras de Inteligência da ABIN.​";"PDV,Programa de demissão voluntária";"1";"0";"19";"0"
"Ministério da Gestão e da Inovação em Serviços Públicos";"Governo Digital - Catálogo de conjuntos de dados que integram o dados.gov.br";"Conjuntos de dados catalogados no Portal Brasileiro de Dados Abertos. Contém, ainda, informações sobre todos os órgãos nele cadastrados.

### Conceito

Agrupamento de informações com os nomes dos órgãos inseridos no portal.

### Política Pública

Fortalecimento da política de dados abertos no executivo federal.

### Legislação

Decreto 8777/2016.

### Veja também

http://wiki.dados.gov.br/Politica-de-Dados-Abertos.ashx

### Outras informações

Consulte o [manual da API do CKAN](https://docs.ckan.org/en/2.6/api/index.html) para saber os parâmetros de consulta e campos de retorno.";"conjuntos de dados,dados,órgãos";"2";"0";"106";"0"
"Ministério da Gestão e da Inovação em Serviços Públicos";"Governo Digital - Plataforma de Análise de Dados da Administração Pública - GovData";"Conjunto de dados que disponibiliza a API de acesso ao catálogo das bases de dados que integram a plataforma GovData.

###Conceito

O GovData disponibiliza uma infraestrutura de datalake, que permite a hospedagem e o cruzamento de grandes volumes de dados. Nele é possível compartilhar informações entre órgãos, mantendo o sigilo e confidencialidade de dados.


###Legislação

Decreto 8789

###Veja também

ck.govdata.gov.br

###Outras informações

http://govdata.gov.br";"GovData,api,conjuntos de dados,dados,govdata";"1";"0";"37";"0"
"Ministério da Gestão e da Inovação em Serviços Públicos";"Gestão de Pessoas (Executivo Federal) - Pensionistas (beneficiários de pensão)";"O conjunto de dados contempla pensionistas (beneficiários de pensão) do Poder Executivo Federal Civil não incluindo informações sobre Banco Central do Brasil (Bacen) e Agência Brasileira de Inteligência (ABIN).

__Conceito__

Beneficiário de pensão ou pensionista: Dependente do servidor titular de cargo efetivo da União ou do aposentado que faleceu; dependente de anistiado político ou pessoa que receba pensão especial graciosa ou indenizatória, concedida por meio de Lei ou Decreto Presidencial; ou beneficiados dessas condições por decisão judicial, a quem tenha sido concedido o benefício da pensão.

__Política Pública__

Política pública de aperfeiçoamento dos processos de gestão de pessoas no âmbito da administração pública federal, no aspecto relativo à benefícios, previdência própria e complementar.

__Legislação__

Lei nº 8112 de 11 de dezembro de 1990, Lei nº 13.135, de 17 de junho de 2015.

__Outras informações__

http://painel.pep.planejamento.gov.br/QvAJAXZfc/opendoc.htm?document=painelpep.qvw&lang=en-US&host=Local&anonymous=true";"beneficiarios,pensionistas,pensão";"4";"0";"103";"3"
"Ministério da Gestão e da Inovação em Serviços Públicos";"Desafio + Brasil";"![Banner de chamada do Desafio + Brasil.](http://dados.gov.br/wp/wp-content/uploads/2019/02/desafio-mais-brasil.jpg)

Hackathon de processos & TI na transferência de recursos federais.

## O que é o Desafio + Brasil?

Vamos juntar nossos conhecimentos e nosso orgulho de ser brasileiro! Amantes de suas vocações: tecnologia, gestores municipais, administradores, técnicos das mais diversas transferências, designers, executivos, parlamentares… cidadãos comuns, mas com vontade de INOVAÇÃO.

Unidos por um objetivo: compartilhar os obstáculos que trazem problemas na transferência de recursos no Brasil para que, juntos, possamos transformar o entendimento dos obstáculos e as ideias de cada um em soluções.";"desafio,hackathon";"2";"0";"6";"0"
"Ministério da Gestão e da Inovação em Serviços Públicos";"Gestão de Pessoas (Executivo Federal) - PDV (Programa de Desligamento Voluntário)";"Relação nominal de servidores públicos efetivos do Poder Executivo Federal Civil que aderiram ao Programa de Desligamento Voluntário-PDV instituído pela Medida Provisória nº 792 de 26 de julho de 2017. O conjunto de dados inclui Administração Direta, Autarquias e Fundações, excluindo-se informações sobre servidores do Banco Central do Brasil e servidores das Carreiras de Inteligência da ABIN.                    

__Conceito__

O PDV é um programa instituído pelo Governo Federal que, na forma da legislação, visa ao desligamento do servidor público ocupante de cargo efetivo na administração pública federal direta, autárquica e fundacional, mediante mecanismo de incentivo financeiro. Por meio do PDV há o rompimento do vínculo funcional com a Administração Pública mediante ato de exoneração.

__Política Pública__

Política pública de aperfeiçoamento contínuo dos processos de gestão de pessoas no âmbito da administração pública federal, política de modernização da Administração e equilíbrio da contas públicas.

__Legislação__

Medida Provisória nº 792 de 26 de julho de 2017.";"MP 792,Poder Executivo,desligamento voluntario,pdv,programa de desligamento voluntario,servidores";"12";"0";"61";"1"
"Ministério da Gestão e da Inovação em Serviços Públicos";"Painel Estatístico Pessoal – PEP";"Com o objetivo de melhorar a gestão dos recursos públicos, reduzir o tempo para o acesso às informações e disponibilizar os dados de forma moderna, simples e transparente, a Secretaria de Gestão de Pessoas do [Ministério do Planejamento](http://www.planejamento.gov.br/) oferece o [Painel Estatístico Pessoal – PEP](https://pep.planejamento.gov.br), que concentra as informações estatísticas de pessoal do Poder Executivo Federal a partir de janeiro de 2017. 

A iniciativa apoia os gestores públicos, cidadãos e imprensa na realização de análise de dados de Despesas de Pessoal, Servidores, Remunerações, Ingressos por Concurso ou Processo Seletivo, Cargos e Funções e Aposentadorias.

O [PEP](https://www.gov.br/economia/pt-br/assuntos/planejamento/servidores/painel-estatistico-de-pessoal) substitui o [Boletim Estatístico de Pessoal](https://www.gov.br/economia/pt-br/assuntos/planejamento/gestao-publica/arquivos-e-publicacoes/bep) e seus dados são atualizados mensalmente.

Fonte: [PEP](https://www.gov.br/economia/pt-br/assuntos/planejamento/servidores/painel-estatistico-de-pessoal)";"Aposentadorias,Cargos,Função,Remuneração,Servidores";"1";"0";"79";"0"
"Ministério da Gestão e da Inovação em Serviços Públicos";"Dados referentes a preços públicos de bens e serviços de Tecnologia da Informação";"Dados estáticos referentes a compras públicas extraídos do Sistema Integrado de Administração de Serviços Gerais (SIASG), do período de 01/01/2017 a 30/04/2019.

As planilhas estão divididas por período de tempo (quadrimestre). Elas englobam os seguintes bens e serviços de TIC:

1. Serviços de TI - Certificação Digital;
2. Serviços de TI - Comunicação de Dados;
3. Serviços de TI - Digitalização de documentos;
4. Serviços de TI - Fábrica de Software;
5. Serviços de TI - Outsourcing de Impressão;
6. Serviços de TI - Service Desk;
7. Bens de TI - Ativos de Rede;
8. Bens de TI - Computadores desktop;
9. Bens de TI - Impressoras;
10. Bens de TI - Insumos e Peças para Impressoras;
11. Bens de TI - Monitores;
12. Bens de TI - Notebooks;
13. Bens de TI - Pendrives e HD externo;
14. Bens de TI - Scanners;
15. Bens de TI - Servidores de Rede;
16. Bens de TI - Softwares e Aplicativos;
17. Bens de TI - Storage;
18. Bens de TI - Tablets;
19. Bens de TI - Videoconferência.

Esclarece-se os dados disponibilizados nas planilhas contém extrações realizadas entre  01/01/2017 a 30/04/2019 e foram tratadas com filtros, e que, a partir desta data, com a implantação do Painel de Preços e Painel de Compras, descontinuou-se as extrações, uma vez que com a plena implantação dos paineis, o usuário poderá acessar diretamente os dados, na forma bruta, ou aplicar filtros para acessar os dados de interesse, diretamente da fonte. 

Ferramentas de disponibilização de dados de compras públicas:

1- Painel de Compras em:
http://paineldecompras.economia.gov.br/;

2- Painel de Preços em:
https://paineldeprecos.planejamento.gov.br/

3- API de Compras Governamentais: http://compras.dados.gov.br/docs/home.html

4- Comprasnet Contratos: https://contratos.comprasnet.gov.br/transparencia/contratos";"Licitações e Contratos,compras governamentais,licitação";"7";"0";"37";"0"
"Ministério da Gestão e da Inovação em Serviços Públicos";"Informações dos serviços públicos prestados pelo Governo federal";"Publicação de informações dos serviços públicos prestados pelo Governo federal no portal único __[GOV.BR](https://gov.br)__.

Trata-se da __API de Serviços Publicos Federais__.

Há um __swagger__  nos recursos deste _dataset_ que possui diversas operações de consultas aos serviços públicos federais, dentre as quais se destacam: consulta de órgãos por id e código Siorg, consulta de serviços por id e consulta de serviços de um órgão.

__* Importante:__ A consulta aos serviços públicos disponibilizado no swagger é __atualizada de forma online__.

Há um exemplo de __consulta aos serviços públicos__ nos recursos deste _dataset_ que lista informações de todos os serviços públicos contendo diversos atributos, dentre os quais se destacam: id, nome, sigla, descrição, percentual digital, digital, link do serviço, solicitantes, tempo estimado, órgão, segmentos da sociedade, áreas de interesse, etapas, custos, documentação e canais de prestação do serviço.";"Cidadão,Decreto 10332-2020,Decreto 8936-2016,EGD,Estratégia de Governo Digital,Plataforma de Cidadania Digital,Serviços públicos,digitalização de serviços,governo federal,serviços digitais";"2";"0";"347";"0"
"Ministério da Gestão e da Inovação em Serviços Públicos";"Gestão de Pessoas (Executivo Federal) - Gratificação Temporária das Unidades dos Sistemas Estruturadores da Administração Pública Federal (GSISTE)";"Contempla os dados cadastrais de servidores públicos efetivos ativos do Poder Executivo Federal Civil que recebem Gratificação Temporária das Unidades dos Sistemas Estruturadores da Administração Pública Federal (Gsiste), como nome, CPF, cargo, órgão. O arquivo disponibilizado reúne informações dos órgãos integrantes do Sistema de Pessoal Civil da Administração Federal (Sipec) e não inclui dados sobre servidores do Banco Central do Brasil.

O presente conjunto de dados foi descontinuado a partir de 08/2021, sendo substituído pelo conjunto de dados Gestão de Pessoas (Executivo Federal) – Gratificações. Para informações a partir de 08/2021, acesse https://dados.gov.br/dataset/gestao-de-pessoas-executivo-federal-gratificacoes


__Conceito__

A Gratificação Temporária das Unidades dos Sistemas Estruturadores da Administração Pública Federal - GSISTE, instituída pela Lei no 11.356, de 19 de outubro de 2006, é concedida aos titulares de cargos de provimento efetivo, em efetivo exercício no órgão central e nos órgãos setoriais, seccionais e correlatos dos seguintes Sistemas estruturados a partir do disposto no Decreto-Lei no 200, de 25 de fevereiro de 1967, enquanto permanecerem nesta condição: I - de Planejamento e de Orçamento Federal; II - de Administração Financeira Federal; III - de Contabilidade Federal; IV - de Controle Interno do Poder Executivo Federal; V - de Informações Organizacionais do Governo Federal - SIORG; VI - de Gestão de Documentos de Arquivo - SIGA; VII - de Pessoal Civil da Administração Federal - SIPEC; VIII - de Administração dos Recursos de Informação e Informática - SISP; e IX - de Serviços Gerais - SISG.

__Política Pública__

Política pública de aperfeiçoamento contínuo dos processos de gestão de pessoas no âmbito da administração pública federal.

__Outras informações__

https://www.gov.br/servidor/pt-br/observatorio-de-pessoal-govbr

http://painel.pep.planejamento.gov.br
";"Ativo,GSISTE,Gratificação,Poder Executivo,servidor público";"56";"0";"188";"4"
"Ministério da Gestão e da Inovação em Serviços Públicos";"Imóveis da União";"Em atendimento à [__Lei nº 12.527, de 2011 - Lei de Acesso à Informação__](http://www.planalto.gov.br/ccivil_03/_ato2011-2014/2011/lei/l12527.htm); ao Decreto nº 8.777, de 2016, que institui a Política de Dados Abertos do Governo Federal; e ao [__Plano de Dados Abertos do Ministério do Planejamento, Desenvolvimento e Gestão__](http://www.planejamento.gov.br/servicos/central-de-conteudos/publicacoes/plano-de-dados-abertos-pda), a Secretaria do Patrimônio da União publica, neste espaço, dados sobre os bens imobiliários da União registrados em seus bancos de dados.

As planilhas abaixo contêm, separadamente, dados sobre os imóveis em si e sobre os ocupantes de imóveis da União. A separação visa a resguardar informações pessoais, nos termos do art. 55 do Decreto nº 7.724, de 2012, que regulamenta a Lei de Acesso à Informação.

Veja alguns conceitos importantes:

##Imóveis dominiais:

Trata-se de imóveis da União que não são ocupados pela Administração Pública, mas por terceiros. A ocupação pode ser em caráter precário, como é o caso da Inscrição de Ocupação e da Autorização de Uso, ou por meio de instrumentos de direito real para fins de regularização fundiária, tais como: Aforamentos; Concessões de Direito Real de Uso (CDRU); e Concessão de Uso Especial para fins de Moradia (CUEM). 

##Imóveis de Uso Especial:

São os imóveis que se destinam à execução de serviços administrativos ou à prestação de serviços públicos em geral, tais como prédios de repartições públicas. Um prédio onde esteja instalado um hospital público ou uma escola pública também se enquadram na categoria de bens de uso especial. 

[__Clique aqui__](http://www.planejamento.gov.br/assuntos/gestao/patrimonio-da-uniao/destinacao-de-imoveis/instrumentos-de-destinacao) para saber mais sobre os instrumentos de destinação patrimonial.

*RIP – Registro Imobiliário Patrimonial*
É o registro correspondente à utilização, código numérico gerado de acordo com lei de formação estabelecida pela SPU. Conforme informado na lei de formação, é utilizada tanto para o registro de unidades autônomas – matrícula individualizada em cartório, chamada de “RIP imóvel” – como para as utilizações, chamadas de “RIP utilização”. Sua lei de formação é MMMM SSSSS 500 D, onde

    MMMM é o código do Município de localização do Imóvel.
    SSSSS, sequencial dentro do Município.
    500: valor fixo para imóveis de Uso Especial.
    D: DV módulo 11, ciclo 9.


A *Conceituação dos imóveis* diz respeito ao tipo de bens da União, conforme definido no art. 20 da Constituição Federal, tais como Terrenos de Marinha, Terrenos de Marginal de Rio, Ilhas, Terras Indígenas, entre outros.

[__Clique aqui__](http://www.planejamento.gov.br/assuntos/gestao/patrimonio-da-uniao/bens-da-uniao)
 para saber mais  sobre bens da União.";"Aforamento,Autorização de Uso Sustentável,CDRU,CUEM,Cessão,Concessão de Direito Real de Uso,Concessão de Uso Especial para fins de Moradia,Entrega,Inscrição de ocupação,MP,SIAPA,SPU,dominiais,imóveis,patrimônio da união,uso especial";"5";"0";"970";"3"
"Ministério da Gestão e da Inovação em Serviços Públicos";"Catálogo de Software do SISP – 2016";"O Catálogo de Software do SISP teve como objetivo centralizar as informações dos sistemas de informação utilizados pelos órgãos e entidades do governo federal, além das maiores necessidades de sistemas dessas instituições.

Contudo, desde abril de 2019, o Catálogo de Software do SISP foi descontinuado, com a publicação da Portaria SGD/ME nº 1, de 4 de abril de 2019, que revogou a Portaria SLTI/MP nº 7, de 8 de abril de 2013.

A última consolidação do Catálogo de Software do SISP foi realizada no ano de 2016 e essa versão é disponibilizada no Portal Dados Abertos para fins históricos.

";"Catálogo,Sistemas,Sotware";"1";"0";"5";"1"
"Ministério da Gestão e da Inovação em Serviços Públicos";"Solicitações realizadas na ferramenta de automação de serviços públicos da Plataforma de Cidadania Digital";"__Dados anonimizados das solicitações de serviços públicos federais__ realizadas na ferramenta de automação de serviços públicos da Plataforma de Cidadania Digital, tais como protocolo, processo, órgão, serviço, etapas, fases, status e datas.

__* Importante:__ O arquivo CSV disponibilizado para download no recurso é __atualizado diariamente__.";"Automação,Cidadão,Datas,Decreto 8936-2016,Digitalização,EGD,Estratégia de Governo Digital,Etapas,Plataforma de Cidadania Digital,Serviços públicos,Tempo de Execução";"2";"0";"20";"0"
"Ministério da Gestão e da Inovação em Serviços Públicos";"Dados Abertos referentes aos softwares disponíveis no Portal do Software Público Brasileiro";"Lista os Dados Abertos referentes aos softwares disponíveis no Portal do Software Público Brasileiro.

O Software Público Brasileiro é um tipo específico de software livre que atende às necessidades de modernização da administração pública de qualquer dos Poderes da União, dos Estados, do Distrito Federal e dos Municípios e é compartilhado sem ônus no Portal do Software Público Brasileiro, resultando na economia de recursos públicos e constituindo um recurso benéfico para a administração pública e para a sociedade.

O que rege o Software Público Brasileiro atualmente é a Portaria N° 46 de 28 de Setembro de 2016, que dispõe sobre os procedimentos para o desenvolvimento, a disponibilização e o uso do Software Público Brasileiro.";"Estratégia de Governo Digital,compartilhamento de software,governo digital,governo federal,portal do software publico,software de governo,software publico";"2";"0";"60";"1"
"Ministério da Gestão e da Inovação em Serviços Públicos";"Empresas Estatais Federais - Boletim das Estatais";"O Boletim das Empresas Estatais Federais traz informações sobre as empresas estatais federais, as quais a União detém, direta ou  indiretamente, a maioria do capital social com  direito a voto, e sociedades de economia mista e suas subsidiárias. Reúne informações e dados sobre o orçamento, investimentos e aportes da União; dados econômico-financeiros; e política de pessoal e previdência, como a evolução do quadro de pessoal e despesas.

O Boletim das Estatais é uma publicação trimestral da Secretaria de Coordenação e Governança das Empresas Estatais (Sest) e pode ser acessado neste endereço eletrônico:

https://www.gov.br/economia/pt-br/centrais-de-conteudo/publicacoes/boletins/boletim-das-empresas-estatais-federais";"Empresas Estatais,Estatais Federais,governo federal";"1";"0";"28";"0"
"Ministério da Gestão e da Inovação em Serviços Públicos";"Protocolos do Governo Federal";"Metadados sobre documentos e processos protocolados no âmbito do poder executivo do governo federal.
As informações disponibilizadas referem-se à produção documental dos órgãos e entidades que já aderiram ao sistema [Protocolo Integrado](http://www.protocolointegrado.gov.br) (_instituído pela Portaria Interministerial nº 2.320, de 30 de dezembro de 2014_).

__[Acesse aqui](https://protocolointegrado.gov.br/Protocolo/orgaos_integrados.jsf?todos=true#integrados)__ a lista de órgãos que já participam do Protocolo Integrado";"processos administrativos,protocolo";"3";"0";"21";"0"
"Ministério da Gestão e da Inovação em Serviços Públicos";"Empresas Estatais Federais - Orçamento de Investimento das Empresas Estatais Federais Não Dependentes";"Receita e despesa do Orçamento de Investimento (OI) das Empresas Estatais Federais Não Dependentes.

__Conceito__

Empresa Estatal Federal Não Dependente é a empresa estatal que não recebe do ente controlador (União) recursos financeiros para pagamento de despesas com pessoal ou de custeio em geral ou de capital, excluídos, no último caso, aqueles provenientes de aumento de participação acionária.

__Legislação__

A publicação do Orçamento de Investimento das Empresas Estatais Federais Não Dependentes subordina-se ao §3º do art. 165 da Constituição Federal.

__Veja Também__

Outras informações acerca do assunto podem ser encontradas no site Siga Brasil, dentro do Painel Especialista, na aba Estatais ou pelo link

 https://www9.senado.leg.br/QvAJAXZfc/opendoc.htm?document=Senado%2FSigaBrasilPainelEspecialista.qvw&host=QVS%40www9&anonymous=true

Visite também o Panorama das Estatais para obter outras informações sobre as Empresas Estatais Federais:

http://panoramadasestatais.planejamento.gov.br/";"Empresas Estatais,Governo Federal,Orçamento de Investimento";"3";"0";"30";"0"
"Ministério da Gestão e da Inovação em Serviços Públicos";"Catálogo de Bases de Dados";"<p>O Catálogo de Base de Dados (CBD) consiste em uma base centralizada de informações a respeito de bases de dados custodiadas pela administração pública federal. O CBD permitirá que o governo identifique as bases de dados governamentais, suas características, onde estão e quem são seus curadores.</p>
<p>O CBD é uma iniciativa criada e mantida pela Secretaria de Governo Digital (SGD), da Secretaria Especial de Desburocratização, Gestão e Governo Digital (SEDGG), do Ministério da Economia (ME).</p>
<p>O levantamento das bases de dados foi realizado no período de 2021 e 2022, tendo um grande projeto de ampliação e evolução da catalogação para os próximos anos.</p>
";"Dados,bases,bases de dados,catalogo";"3";"0";"1303";"8"
"Ministério da Gestão e da Inovação em Serviços Públicos";"Gestão de Pessoas (Executivo Federal) - Tabela de Remuneração";"<p>Contempla Tabelas de Remuneração e Subsídios atribuídas aos cargos e/ou carreiras do Poder Executivo Federal Civil e dos Ex-Territórios. No conjunto de dados não constam os adicionais, uma vez que esta vantagem é inerente ao servidor.</p>
";"Poder Executivo,remuneração,servidor,tabela,tabela remuneração";"32";"0";"399";"2"
"Ministério da Gestão e da Inovação em Serviços Públicos";"Consumo de Energia Órgãos Públicos";"Dados de consumo de energia elétrica em órgãos públicos da Administração Direta, Autárquica e Fundacional do Poder Executivo Federal.
Conforme preconiza o [Decreto 10.779/2021](http://www.planalto.gov.br/ccivil_03/_ato2019-2022/2021/decreto/d10779.htm), todos os órgãos devem publicar na internet o consumo de energia elétrica em comparação com o total consumido no período de 2018 e 2019. A Secretaria de Gestão do Ministério da Economia, por meio da [PORTARIA SEGES/ME Nº 14.584](https://www.gov.br/compras/pt-br/acesso-a-informacao/legislacao/portarias/portaria-seges-me-no-14-584-de-13-de-dezembro-de-2021), definiu que os órgãos deveriam enviar para a SEGES estes dados. 

Durante 08 meses os dados foram coletados e agora são disponibilizados para a sociedade, aumentando assim a transparência sobre dados de consumo de energia.

Como o escopo do Decreto foi limitado aos 08 meses que nele constam, este conjunto de dados não será atualizado periodicamente, sendo estático e alterado apenas quando os órgãos enviarem retificações.";"economia de energia,frictionless-data,transparencia";"4";"0";"96";"2"
"Ministério da Gestão e da Inovação em Serviços Públicos";"Domínios Gov.br";"Informações sobre os domínios da categoria ""gov.br"" registrados no Registro.br obtidas mensalmente pela Secretaria de Governo Digital (SGD) do Ministério da Economia.";"dns,domínios,governo eletrônico,localização internet";"2";"0";"216";"1"
"Ministério da Gestão e da Inovação em Serviços Públicos";"Gestão de Pessoas (Executivo Federal) - Auxílio-Funeral";"Contempla dados de pagamento do Auxílio Funeral à família ou terceiro que tenha custeado o funeral de servidor falecido em atividade ou aposentado do Poder Executivo Federal Civil. Arquivo em formato CSV.
Conceito
O auxílio funeral é um benefício concedido em razão de falecimento do servidor. É concedido à família ou a terceiro que tenha custeado o funeral de servidor falecido em atividade ou aposentado.
Caso seja custeado por familiares (cônjuge, companheiro(a), pais, filhos), o valor será equivalente a um (01) mês da remuneração ou provento.
Caso custeado por terceiros, será indenizado o valor custeado, devidamente comprovado, até o limite do valor da última remuneração ou provento do servidor falecido.";"Poder Executivo Federal,auxilio,auxilio funeral";"7";"0";"56";"0"
"Ministério da Gestão e da Inovação em Serviços Públicos";"Sistema de Transportes de Servidores Públicos - TaxiGov v2";"Corridas de servidores do poder executivo da Administração Pública Federal através do programa Taxigov dos últimos 7 dias (Versão 2).

Os dados estão disponíveis em 2 recursos:

1. Corridas individuais anonimizadas, de forma granular
2. Quantidades de corridas por solicitante e por passageiro, agrupadas por ano

__Conceito__ 

Serviço de transporte de servidores e colaboradores da Administração Pública Federal em deslocamentos a trabalho com o uso de táxis, que começou a ser implementado em março de 2017, em Brasília. A partir de 2019, o projeto se expandiu para outras localidades do Brasil.

O objetivo é melhorar a oferta de serviços de transporte administrativo ao servidor, com economia, transparência de gastos públicos e eficiência, através do uso de tecnologia.

__Instrução Normativa__

O funcionamento do Taxigov é regido pela **[Instrução Normativa 10/2018](https://www.in.gov.br/materia/-/asset_publisher/Kujrw0TZC2Mb/content/id/52001726/do1-2018-11-27-instrucao-normativa-n-10-de-23-de-novembro-de-2018-52001279)**.

Site oficial do taxigov: https://www.gov.br/economia/pt-br/assuntos/gestao/central-de-compras/taxigov

__Atualização__

* Para as corridas individualizadas, são gerados arquivos anuais. O arquivo do ano atual é atualizado diariamente, com dados do dia anterior (D-1).
* Para as quantidades agregadas por pessoa por mês, o arquivo é atualizado diariamente, com dados do dia anterior (D-1).

Para abrir arquivos CSV pelo Excel, sugerimos seguir a documentação da Microsoft: 
[link](https://support.microsoft.com/pt-br/office/importar-ou-exportar-arquivos-de-texto-txt-ou-csv-5250ac4c-663c-47ce-937b-339e391393ba#ID0EBBN=Newer_versions)

Outros processadores de planilha também são capazes de abrir arquivos CSV normalmente (exemplos: OpenOffice, LibreOffice, etc.).";"corridas do taxigov,despesa,serviço de taxi,taxi,taxigov,terceirização,transporte";"13";"0";"48";"0"
"Ministério da Gestão e da Inovação em Serviços Públicos";"Gestão de Pessoas (Executivo Federal) - Anistiados";"Conjunto de dados referente aos anistiados políticos, conforme a Lei nº10.559 de 13 de Novembro de 2002.";"Anistiados,Anistiados Políticos";"2";"0";"541";"3"
"Ministério da Gestão e da Inovação em Serviços Públicos";"Gestão de Pessoas (Executivo Federal) - Boletim Estatístico de Pessoal (BEP) - maio/1996 a dez/2016";"Demonstrativo de dados estatísticos como despesa de pessoal da União, quantitativo de servidores públicos, distribuição por faixa de remuneração, informações organizacionais.

__Conceito__

O BEP, maio/1996 a dezembro/2016, é uma publicação em formato de PDF contendo dados estatísticos de pessoal da União, atualizados mensalmente. Em março de 2017, o BEP foi substituído pelo Painel Estatístico de Pessoal (PEP), que concentra as informações estatísticas de pessoal do Poder Executivo Federal, a partir de janeiro de 2017, atualizado mensalmente.

__Política Pública__

Política pública de aperfeiçoamento contínuo dos processos de gestão de pessoas no âmbito da administração pública federal e Política Nacional de Desenvolvimento de Pessoal.

__Outras informações__

https://www.gov.br/economia/pt-br/assuntos/planejamento/gestao-publica/arquivos-e-publicacoes/bep";"BEP,PEP,Poder Executivo Federal";"1";"0";"46";"1"
"Ministério da Gestão e da Inovação em Serviços Públicos";"Transferências e Parcerias da União";"#Escopo
A Plataforma TransfereGov disponibiliza acesso livre às informações de Transferências da União com o objetivo de facilitar o acesso aos dados do sistema para a sociedade e a outras esferas de Governo.
O usuário poderá baixar as principais informações dos instrumentos para realizar análises e cruzamentos que desejar a partir desses dados. 

O conjunto de dados disponibilizado contempla as seguintes informações: data_carga_siconv, Programas Disponibilizados, Programas/Propostas, Propostas Cadastradas, Convênios, Emendas Parlamentares, Plano de Aplicação Detalhado, Empenhos Realizados, Desembolsos (Ordem Bancária), Pagamentos a Favorecidos, OBTV para Convenente, Histórico Situação Propostas/Convênios, Ingresso de Contrapartida, Termo Aditivo, Prorroga de Ofício, Meta (Cronograma Físico), Etapa (Cronograma Físico), Consórcios, Empenhos Desembolso, Proponentes, Desbloqueio Contrato de Repasse, Cronograma de Desembolso e Justificativas da Proposta.

Se optar por fazer o download desses arquivos por assunto e verificar a data de atualização dos dados, acesse o link: __http://repositorio.dados.gov.br/seges/detru/__


#Conceito
As Transferências da União são recursos financeiros repassados pelo Governo Federal para Estados, Municípios e Organizações da Sociedade Civil, em decorrência da celebração de convênios, contratos de repasse ou outros instrumentos similares, cuja finalidade é a realização de obras e/ou serviços de interesse comum. 

#Política Pública
Objeto cuja execução é atribuída ao convenente mediante disponibilização orçamentária e financeira do concedente para estruturação de serviços públicos de interesse local, a exemplo dos de transporte coletivo, saneamento básico, bem como obras de habitação de interesse social e de infraestrutura.

#Legislação
Lei 8.666, de 21 de junho de 1993, Lei nº 13.019, de 31 de julho de 2014, Lei 9.790, de 23 de março de 1999, Decreto nº 3.100, de 30 de julho de 1999, Decreto nº 6.170, de 25 de julho de 2007, Decreto nº 10.035, de 1º de outubro de 2019, Decreto nº 10.024, de 20 de setembro de 2019, Portaria Interministerial nº 127, de 29 de maio de 2008, Portaria Interministerial Nº 507, de 24 de novembro de 2011. Portaria Interministerial Nº 424, de 30 de dezembro de 2016, Portaria Interministerial nº 13.395, de 5 de junho de 2020, Portaria ME nº 66, de 31 de março de 2007, Portaria ME nº 67, de 31 de março de 2007, Portaria SEGES/ME Nº 25.405, de 23 de dezembro de 2020, Portaria Nº 33, de 22 de janeiro de 2020, Portaria STN Nº 749, de 17 de março de 2021. 

#Veja Também
- Painel Transferências Abertas: Disponibiliza acesso às informações das Transferências da União de forma intuitiva, flexível e rápida, para apoiar o processo de tomada de decisão,  __https://clusterqap2.economia.gov.br/extensions/home/home.html__

- Repositório de Dados: Acesso livre com atualização diária dos dados do sistema da Plataforma TransfereGov,  __http://repositorio.dados.gov.br/seges/detru/__

#Central de Atendimento
Para obter os contatos relacionados à Plataforma TransfereGov e ter mais informações sobre as Transferências da União acesse __https://www.gov.br/transferegov/pt-br/fale-conosco/centralatendimento__";"Administração Pública Federal,MGI,MP,Ministério da Economia,Ministério do Planejamento,ONG,OSC,Plataforma Mais Brasil,TransfereGov,Transferências voluntárias da União,contratos de repasse,convênios,organizações da sociedade civil,siconv";"34";"0";"282";"5"
"Ministério da Gestão e da Inovação em Serviços Públicos";"Gestão de Pessoas (Executivo Federal) - Dados da Estrutura Organizacional do Poder Executivo Federal (SIAPE)";"O conjunto de dados contempla a árvore hierárquica de todas as Unidades Organizacionais da Administração Pública Federal. Arquivo em formato CSV.";"Estrutura Organizacional,Poder Executivo Federal,UORGS,hierarquia organizacional";"2";"0";"117";"0"
"Ministério da Gestão e da Inovação em Serviços Públicos";"Relação de órgãos que utilizam a malha da INFOVIA";"Relação de órgãos e entidades públicos que utilizam a Infovia Brasília, que é uma infraestrutura de rede ótica metropolitana de comunicações construída para fornecer aos órgãos e entidades públicos um conjunto de serviços e funcionalidade em um ambiente seguro, de alta performance e disponibilidade. À Secretaria de Governo Digital do Ministério da Economia cabe a gestão da rede e dos serviços e ao Serviço Federal de Processamento de Dados (SERPRO) cabe a operação e a manutenção da infraestrutura ótica e dos equipamentos da rede.
Dados atualizados semestralmente.";"Comunicação,Infovia,Infraestrutura de rede ótica,Malha de cabeamento de fibra ótica,Rede,Rede metroplitana,comunicação,infovia,infraestrutura de rede ótica,malha de cabeamento de fibra ótica,rede,rede metropolitana";"2";"0";"31";"2"
"Ministério da Gestão e da Inovação em Serviços Públicos";"Viagens a Serviço do Governo Federal (SCDP)";"Dados das viagens a serviço do Governo Federal oriundos do Sistema de Concessão de Diárias e Passagens (SCDP).

O SCDP é a solução responsável pela gestão dos processos de afastamento a serviço do Governo Federal. Permite a elaboração, o registro, o controle, o acompanhamento e a gestão dos processos de concessão de diárias e passagens.

O Sistema possibilita, ainda, o compartilhamento de uma base de dados única, administrada pelo Gestor Central no Ministério da Economia (ME) e pelos Gestores Setoriais de cada instituição usuária, o que permite um maior controle físico e financeiro das diárias e passagens emitidas no âmbito da Administração Pública Federal.

#Quais dados estão disponíveis?

O conjunto de dados disponibilizado contempla informações sobre bilhetes aéreos emitidos ou alterados na modalidade Compra Direta, com início de publicação em 01/11/2017, com dados referentes ao mês de outubro de 2017. Esses dados tem periodicidade de publicação mensal, em geral, no primeiro dia útil do mês subsequente.

Para informações atualizadas, utilize o acesso ao Painel de Viagens, por meio do endereço: http://paineldeviagens.economia.gov.br.

#Como obter mais informações sobre o SCDP:

Para maiores informações ou solicitações relacionadas ao SCDP, por favor utilize um dos seguintes canais:

* portaldeservicos.economia.gov.br.
* 0800-978-9002 de segunda-feira a sexta-feira, das 8h às 18h.
* www2.scdp.gov.br, seção Documentações de Apoio.
";"afastamento a serviço,compra direta,diária,diárias,mp,passagem,passagens,scdp,viagem,viagem a serviço,viagens";"75";"0";"493";"1"
"Ministério da Gestão e da Inovação em Serviços Públicos";"Gestão de Pessoas (Executivo Federal) - Carreiras / Cargos";"O conjunto contempla dados das Carreiras/cargos/empregos públicos ocupados por servidores e empregados públicos ativos do Poder Executivo Federal civil, militares dos Ex-Territórios Federais e militares do Governo do Distrito Federal. Os dados apresentados abrange, dentre outros, nome, órgão, remuneração.";"Cargo público,Emprego público,Poder Executivo";"85";"0";"662";"3"
"Ministério da Gestão e da Inovação em Serviços Públicos";"Gestão de Pessoas (Executivo Federal) - Afastamentos e Licenças";"Contempla os dados cadastrais individualizados de servidores/empregados públicos do Poder Executivo Federal, como nome, CPF, cargo, órgão e ocorrência de afastamento/licença. Os servidores públicos civis da União, das autarquias e das fundações públicas federais dispõem de um rol de afastamentos, licenças e ausências previstos, em regra, na Lei nº 8.112 de 11 de dezembro de 1990, e relacionados a fatos geradores e requisitos próprios. Licenças e afastamentos dos empregados públicos são regidos por legislação própria.";"Afastamento,Licença,Poder Executivo,Servidor Público";"74";"0";"678";"2"
"Ministério da Gestão e da Inovação em Serviços Públicos";"Gestão de Pessoas (Executivo Federal) - Pensionistas";"As informações disponibilizadas referem-se ao pagamento (rendimento bruto) recebido por pensionistas de servidores instituidores de pensão, constantes no Sistema Integrado de Administração de Pessoal (Siape).Cabe ressaltar que o Ministério da Economia é responsável pelas informações dos servidores instituidores de pensão e pensionistas do Poder Executivo Federal, não incluindo dados dos poderes Judiciário e Legislativo. Também não constam nos arquivos, dados relativos aos servidores do Banco Central do Brasil (1), Ministério da Defesa (2) (com exceção de militares de ex-territórios ou que assumiram cargos civis no Poder Executivo Federal) e Governo do Distrito Federal (3) (Fundo Constitucional), responsáveis pela publicação dos seus dados em portais próprios. Em relação à Agência Brasileira de Inteligência (Abin), os dados funcionais de pessoal são protegidos pela legislação vigente Lei nº 9883 (4) e Portaria Conjunta n° 5, de 05/08/2015/MPOG (5).";"pensionista,pensionistas,poder executivo";"73";"0";"707";"3"
"Ministério da Gestão e da Inovação em Serviços Públicos";"Gestão de Pessoas (Executivo Federal) - Abono Permanência";"Contempla os dados cadastrais de servidores públicos federais que recebem abono permanência, como nome, CPF, cargo, órgão. O abono de permanência é um benefício pecuniário concedido ao servidor que opte por permanecer em atividade após ter cumprido todos os requisitos para aposentadoria voluntária, no valor equivalente à sua contribuição previdenciária, até completar as exigências para a aposentadoria compulsória.";"Poder Executivo,abono,abono permanência";"84";"0";"407";"2"
"Ministério da Gestão e da Inovação em Serviços Públicos";"Gestão de Pessoas (Executivo Federal) – Aposentados";"O conjunto contempla dados cadastrais de aposentados sob o regime jurídico único do Poder Executivo Federal Civil, como nome, portaria e tipo de aposentadoria. O aposentado do serviço público é o beneficiário de aposentadoria na forma do artigo 40 da Constituição Federal, do Quadro de Pessoal da Administração Pública Federal Direta - APF, suas autarquias e fundações públicas, seja pela via administrativa ou judicial, ou em decorrência de decisão do Tribunal de Contas da União. Os dados relativos aos aposentados da APF estão distribuídos em arquivos disponibilizados mensalmente e inclui as concessões do benefício de aposentadoria do mês anterior ao da publicação. A primeira divulgação no Portal Brasileiro de Dados Abertos nesse formato foi em 2018 e contempla as informações de novembro de 2016 em diante.";"Aposentados,Poder Executivo,inativos";"100";"0";"989";"3"
"Ministério da Gestão e da Inovação em Serviços Públicos";"Gestão de Pessoas (Executivo Federal) - Cargos de Direção e Assessoramento Superiores (DAS)";"O conjunto de dados contempla os ocupantes de Cargos de Direção e Assessoramento Superiores (DAS) do Poder Executivo Federal civil, militares dos Ex-Territórios Federais e militares do Governo do Distrito Federal. Os dados apresentados abrangem, dentre outros, informações cadastrais, como nome, órgão, remuneração. Cargo em Comissão: Cargo público de livre nomeação e exoneração, destinado às atribuições de direção, chefia e assessoramento, que pode ser ocupado tanto por pessoa sem vínculo com a Administração Pública Federal, quanto por servidor efetivo e/ou empregado público.";"Cargo Comissionado,Cargo em Comissão,DAS,Poder Executivo";"85";"0";"445";"3"
"Ministério da Gestão e da Inovação em Serviços Públicos";"Gestão de Pessoas (Executivo Federal) – Remuneração Compensatória - “Quarentena”";"O conjunto contempla dados cadastrais de Ex-dirigentes do Poder Executivo Federal, como nome, Órgão de atuação e remuneração. A remuneração compensatória é a parcela devida em virtude de uma restrição imposta por lei ao ocupante de determinados cargos da Administração Pública Federal, visando resguardar a administração de potenciais danos em casos de existência de conflitos de interesses, devidamente reconhecido pela Comissão de Ética Pública – CEP, ocasionando o impedimento ao referido ocupante de exercer determinadas atividades no período determinado “quarentena”, tal retribuição tem como objetivo não apenas proteger o ex-ocupante do referido cargo, já que se encontra impedido de trabalhar, mas também a própria Administração.";"Poder Executivo,Servidor,quarentena,remuneração compensatória";"83";"0";"118";"1"
"Ministério da Gestão e da Inovação em Serviços Públicos";"Gestão de Pessoas (Executivo Federal) - Auxílio-Alimentação";"Contempla dados cadastrais e financeiros dos servidores públicos ativos do Poder Executivo Federal Civil que recebem Auxílio Alimentação. Arquivo em formato CSV.";"AUXÍLIO,Poder Executivo Federal";"14";"0";"142";"0"
"Ministério da Gestão e da Inovação em Serviços Públicos";"Gestão de Pessoas (Executivo Federal) - Auxílio Natalidade";"Contempla dados cadastrais e financeiros dos servidores públicos ativos do Poder Executivo Federal Civil que recebem Auxílio Natalidade.
O conjunto de dados não contempla os servidores da Agência Brasileira de Inteligência, Banco Central do Brasil, Defensoria Pública da União, Departamento de Polícia Federal, Departamento de Polícia Rodoviária Federal e os servidores da Carreira de Execução Penal. O Auxílio Natalidade é um benefício devido à servidora por motivo de nascimento de filho, inclusive natimorto, em quantia equivalente ao menor vencimento do serviço público federal vigente na data do nascimento, sendo acrescido de 50% (cinquenta por cento), por nascituro, na hipótese de parto múltiplo. O auxílio natalidade é devido ao cônjuge ou companheiro (servidor público federal), quando a genitora não for ocupante de cargo efetivo regido pela Lei nº 8.112, de 1990. O servidor aposentado possui direito ao auxílio-natalidade.";"Poder Executivo Federal,auxílio,natalidade,servidor público";"20";"0";"122";"2"
"Ministério da Gestão e da Inovação em Serviços Públicos";"Gestão de Pessoas (Executivo Federal) - Auxílio Pré-escolar";"Contempla dados cadastrais e financeiros dos servidores públicos ativos do Poder Executivo Federal Civil que recebem Auxílio Pré-Escolar. Arquivo em formato CSV.
O conjunto de dados não contempla os servidores da Agência Brasileira de Inteligência, Banco Central do Brasil, Defensoria Pública da União, Departamento de Polícia Federal, Departamento de Polícia Rodoviária Federal e os servidores da Carreira de Execução Penal. O Auxílio Pré-Escolar é um benefício concedido aos servidores ativos para auxiliar nas despesas pré-escolares de filhos ou dependentes na faixa etária compreendida do nascimento aos 06 (seis) anos de idade.";"Poder Executivo Federal,Servidor Público,Servidor Público Federal,auxílio,auxílio pré-escolar";"19";"0";"109";"0"
"Ministério da Gestão e da Inovação em Serviços Públicos";"Gestão de Pessoas (Executivo Federal) - Auxílio-Reclusão";"Contempla dados cadastrais e financeiros referentes ao pagamento do Auxílio Reclusão aos servidores públicos ativos do Poder Executivo Federal Civil. Cada linha corresponde a um servidor que recebe Auxílio Reclusão. Arquivo em formato CSV. O conjunto de dados não contempla os servidores do Banco Central do Brasil. O Auxílio Reclusão é um benefício concedido à família do servidor ativo em função de seu afastamento por motivo de prisão em flagrante ou preventiva, determinada pela autoridade competente, ou em virtude de condenação, por sentença definitiva, a pena que não imponha a perda do cargo público.";"Poder Executivo Federal,auxilio,auxílio-reclusão";"15";"0";"139";"0"
"Ministério da Gestão e da Inovação em Serviços Públicos";"Gestão de Pessoas (Executivo Federal) - Auxílio-Transporte";"Contempla dados cadastrais e financeiros dos servidores públicos ativos do Poder Executivo Federal Civil que recebem Auxílio Transporte. Arquivo em formato CSV.
O conjunto de dados não contempla os servidores da Agência Brasileira de Inteligência, Banco Central do Brasil, Defensoria Pública da União, Departamento de Polícia Federal, Departamento de Polícia Rodoviária Federal e os servidores da Carreira de Execução Penal. O auxílio-transporte, pago pela União, em pecúnia, possui natureza jurídica indenizatória, destinado ao custeio parcial das despesas realizadas com transporte coletivo municipal, intermunicipal ou interestadual pelo servidor ou empregado público da Administração Pública Federal direta, suas autarquias e fundações, nos deslocamentos de suas residências para os locais de trabalho e vice-versa.";"Poder Executivo Federal,auxílio,auxílio-transporte";"15";"0";"109";"0"
"Ministério da Gestão e da Inovação em Serviços Públicos";"Gestão de Pessoas (Executivo Federal) - Cargos Vagos e Vacâncias";"O conjunto contempla os cargos públicos no Poder Executivo Federal Civil e fornece a quantidade aprovada, distribuída, ocupada e vaga. A informação inclui Administração Direta, Autarquias e Fundações, excluindo-se dados sobre cargos do Banco Central do Brasil e das Carreiras de Inteligência da ABIN. A partir de 08/2021 esse conjunto de dados passará a apresentar informações acerca das vacâncias previstas no art. 33 da Lei 8.112/90 e também identificará se o cargo encontra-se em extinção. Arquivo em formato ODS a partir de 08/2021. Cargo público vago é aquele que não está provido, ou seja, está sem titular. O termo vacância é utilizado para descrever os motivos pelo qual um cargo se torna vago.";"Poder Executivo,cargo público,cargos em extinção,cargos vagos,servidor público,vacância";"97";"0";"19512";"110"
"Ministério da Gestão e da Inovação em Serviços Públicos";"Gestão de Pessoas (Executivo Federal) - Gratificações";"Contempla os dados cadastrais dos servidores públicos efetivos ativos do Poder Executivo Federal Civil que recebem Gratificação Temporária de Atividade em Escola de Governo – GAEG, Gratificação de Incremento à Atividade de Administração do Patrimônio da União – GIAPU, Gratificação Temporária do Sistema de Administração dos Recursos de Tecnologia da Informação – GSISP ou Gratificação Temporária das Unidades dos Sistemas Estruturadores da Administração Pública Federal - GSISTE. Arquivo em formato CSV. O presente conjunto de dados substitui, a partir de 08/2021, o conjunto de dados Gestão de Pessoas (Executivo Federal) - Gratificação Temporária das Unidades dos Sistemas Estruturadores da Administração Pública Federal (GSISTE). Para obter informações acerca das gratificações GSISTE e GIAPU em períodos anteriores a 08/2021, acesse https://dados.gov.br/dataset/gastos-pessoal-gsiste.";"GAEG,GIAPU,GSISP,GSISTE,Poder Executivo,gratificações,servidor público";"29";"0";"750";"2"
"Ministério da Gestão e da Inovação em Serviços Públicos";"Gestão de Pessoas (Executivo Federal) - Auxílio-Moradia";"Contempla dados cadastrais e financeiros dos servidores públicos ativos do Poder Executivo Federal Civil que recebem Auxílio Moradia. Arquivo em formato CSV.";"Poder Executivo Federal,auxilio,moradia";"19";"0";"335";"0"
"Ministério da Gestão e da Inovação em Serviços Públicos";"Raio-X da Administração Pública Federal";"O Raio-X da Administração Pública Federal é uma ferramenta
gerencial, em desenvolvimento pela Secretaria Especial de
Desburocratização, Gestão e Governo Digital do Ministério da
Economia, que tem o objetivo de fomentar o acompanhamento da gestão
pública, do seu aprimoramento por meio do uso de dados e
informações, além de impulsionar o fortalecimento dos Sistemas
Estruturadores do Governo Federal.

O Painel consolida um conjunto de dados sobre:

* o Orçamento Primário;
* a composição e as características do Pessoal;
* a estrutura de Cargos e Funções;
* a evolução do Processo de Transformação Digital;
* a adesão das instituições às Soluções de Modernização;
* as informações relativas ao Patrimônio da União e
* o acompanhamento do gasto com Custeio Administrativo.

Além de poder visualizar os dados pelo painel, é possível também
baixar e utilizar, na forma de dados abertos, as informações nele
mostradas. Isso possibilita a realização de outros tipos de análise
não previstas nas visualiz";"Alocacação de Servidores,Bens da União,Cargo e Funções,Cargos alocados,Custeio Administrativo,Custos de Pessoal,Dados de Pessoal do Executivo Federal,Despesa com Pessoal,Força de Trabalho,Modernização Administrativa,Orçamento Primário,Pessoal,Servidores,Soluções de Modernização,cargos ocupados,frictionless-data,patrimônio da união";"60";"0";"640";"2"
"Ministério da Gestão e da Inovação em Serviços Públicos";"Compras Públicas do Governo Federal";"Dados Abertos do Sistema Integrado de Administração e Serviços Gerais - SIASG e [Compras.gov.br](https://compras.dados.gov.br/docs/home.html e https://dadosabertos.compras.gov.br/swagger-ui/index.html#) contém informações das compras públicas realizadas no sistema SIASG/Compras.gov.br.

__Conceito__

O SIASG é o sistema onde se operacionaliza as compras do Governo Federal. Essa operacionalização se dá em diversos módulos, como o catálogo de materiais e serviços ([CATMAT](http://comprasnet.gov.br/acesso.asp?url=/Livre/Catmat/Conitemmat1.asp) / CATSER), o cadastramento e divulgação da licitação (SIDEC, Divulgação), as intençoes de registros de preços (IRP), o cadastramento dos fornecedores ([SICAF](https://www.gov.br/compras/pt-br/sistemas/conheca-o-compras/sicaf-digital), a realização das licitações ([Compras governamentais](http://gov.br/compras), Sessão Pública, RDC), o resultado das licitações (SISPP, SISRP), os empenhos de pagamentos (SISME) e o registro e [gestão dos contratos](https://www.gov.br/compras/pt-br/sistemas/conheca-o-compras/comprasnet-contratos).

__Por que Dados Abertos de Compras Governamentais?__

A prestação de dados como um serviço governamental traz vantagens para toda a sociedade, incluindo o próprio governo. O Ministério Economia está racionando recursos através da publicação dessas informações na Internet.

A disponibilização dos dados das Compras Governamentais é um compromisso firmado pelo governo brasileiro na Parceria para Governo Aberto (Open Government Partnership - OGP do inglês). O governo está comprometido em promover a transparência dos gastos públicos, fornecer informações de valor agregado à sociedade e promover a pesquisa e inovação tecnológica através da implementação da política brasileira de dados abertos.

Os dados estão disponíveis através de uma [API](http://kit.dados.gov.br/Gloss%C3%A1rio/#api) de Dados Abertos que contempla os princípios [REST](http://pt.wikipedia.org/wiki/REST). Abaixo uma lista dos dados disponíveis por essa API:

•	[Dados dos fornecedores](http://compras.dados.gov.br/docs/lista-metodos-fornecedores.html)

•	[Dados do catálogo de materiais](https://dadosabertos.compras.gov.br/swagger-ui/index.html#)

•	[Dados do catálogo de serviços](https://dadosabertos.compras.gov.br/swagger-ui/index.html#)

•	[Dados de licitações](http://compras.dados.gov.br/docs/lista-metodos-licitacoes.html)

•       [Dados de Pregões](http://compras.dados.gov.br/docs/lista-metodos-pregoes.html)

•	[Dados dos contratos](http://compras.dados.gov.br/docs/lista-metodos-comprasContratos.html)

•	[Dados de compras sem Licitação](http://compras.dados.gov.br/docs/lista-metodos-compraSemLicitacao.html)

•	Dados do Regime Diferenciado de Contratações - RDC

__Políticas Públicas__

Publicação dos dados das compras públicas realizadas no sistema SIASG/Comprasnet.

__Legislação__

Constituição Federal; [Lei nº 14.133/2021](https://www.gov.br/compras/pt-br/nllc); [Lei nº 8.666/1993](https://www.gov.br/compras/pt-br/acesso-a-informacao/legislacao); Lei Complementar nº 123/2006; Lei nº 12.232/201; Lei nº 12.349/2010; Decreto nº 1.094/1994; Lei nº 12.462/2011; Lei nº 10.520/2002; Decreto nº 9.507/2018; Decreto nº 9.488/2018; Decreto nº 7.581/2011; Decreto nº 8.250/2014; Decreto nº 7.892/2013.

__Veja também__

- Adaptação do Painel de Compras e da API de Dados Abertos 
https://www.gov.br/compras/pt-br/acesso-a-informacao/comunicados/no-07-2023-adaptacao_painel_de_compras_api_dados_abertos

- Painel de Preços – ferramenta para pesquisa de preços das compras realizadas no sistema SIASG/Comprasnet - http://paineldeprecos.planejamento.gov.br/

- Painel de Compras – ferramenta que apresenta em um só local os principais números das contratações públicas e tem por finalidade oferecer um panorama dos gastos públicos e do comportamento licitatório no âmbito da Administração Pública Federal- http://paineldecompras.economia.gov.br";"API,MP,RDC,SIASG,SICAF,ata,aviso,compras,comprasnet,concorrência,contratos,convite,fornecedores,leilão,licitação,materiais,modalidades,ocorrências,pregão,preços praticados,regime diferenciado de contratações,registro de preços,serviços,sustentável,tomada de preços";"32";"0";"2102";"5"
"Ministério da Gestão e da Inovação em Serviços Públicos";"SPU >>>>> Imóveis da União";"- Gestão e destinação dos imóveis públicos federais
- Arrecadação patrimonial
- Depreciação de imóveis; e 
- Repasse anual de valores da União para os municípios";"Bens Patrimoniais,Bens da União";"1";"0";"0";"0"
"Ministério da Gestão e da Inovação em Serviços Públicos";"Dados da Estrutura Organizacional do Poder Executivo Federal (Sistema SIORG)";"O órgão gestor do SIORG é o Ministério da Gestão e da Inovação em Serviços Públicos - MGI, por meio da Secretaria de Gestão e Inovação - SEGES.
O Sistema de Organização e Inovação Institucional – SIORG, mantém atualizado o cadastro oficial dos Órgãos e Entidades da administração direta, autárquica e fundacional do Poder Executivo Federal, com suas estruturas organizacionais e respectivos cargos em comissão e funções de confiança alocados. Os serviços aqui disponibilizados proporcionam maior transparência para a sociedade garantindo amplo acesso às informações de seu cadastro oficial.
Os dados abertos do SIORG também podem ser acessados diretamente através do link https://api.siorg.economia.gov.br/
As consultas formuladas na API recebem como resposta arquivos JSON ou XML.";"API,SIORG,administração pública,autarquia,entidade pública,estrutura organizacional,estrutura orgânica,federal,fundação,hierarquia organizacional,poder executivo,órgão,órgão colegiado";"37";"0";"1622";"4"
"Ministério da Gestão e da Inovação em Serviços Públicos";"Processo Eletrônico Nacional - PEN";"Dados referentes ao Processo Eletrônico Nacional
Este conjunto de dados refere-se aos dados coletados das instâncias do SEI com o Módulo de Estatísticas ativado.

Atualmente os órgãos que tem ativado o Módulo de Estatísticas do SEI - https://github.com/pengovbr/mod-sei-estatisticas,
enviam as informações daquela instância para um sistema centralizador.

Os dados enviados são dados estatísticos e o administrador do SEI decide a frequência com que serão enviados.

O propósito desse conjunto de dados é apresentar os dados que compõem essas estatísticas.";"SEI,processo eletrônico nacional";"89";"0";"166";"1"
"Ministério da Gestão e da Inovação em Serviços Públicos";"Sistema de Transportes de Servidores Públicos - TaxiGov";"__Atenção__: Uma versão mais atualizada está disponível no [link](https://dados.gov.br/dados/conjuntos-dados/sistema-de-transportes-de-servidores-publicos---taxigov-v2)

(Esta versão será descontinuada em 02/2024)
Corridas de servidores do poder executivo da Administração Pública Federal através do programa Taxigov.

Os dados estão disponíveis em 2 recursos:

1. Corridas individuais anonimizadas, de forma granular
2. Quantidades de corridas por solicitante e por passageiro, agrupadas por mês

__Conceito__ 

Serviço de transporte de servidores e colaboradores da Administração Pública Federal em deslocamentos a trabalho com o uso de táxis, que começou a ser implementado em março de 2017, em Brasília. A partir de 2019, o projeto se expandiu para outras localidades do Brasil.

O objetivo é melhorar a oferta de serviços de transporte administrativo ao servidor, com economia, transparência de gastos públicos e eficiência, através do uso de tecnologia.

__Instrução Normativa__

O funcionamento do Taxigov é regido pela **[Instrução Normativa 10/2018](https://www.in.gov.br/materia/-/asset_publisher/Kujrw0TZC2Mb/content/id/52001726/do1-2018-11-27-instrucao-normativa-n-10-de-23-de-novembro-de-2018-52001279)**.

Site oficial do taxigov: https://www.gov.br/economia/pt-br/assuntos/gestao/central-de-compras/taxigov

__Atualização__

* Para as corridas individualizadas, são gerados arquivos mensais. O arquivo do mês atual é atualizado diariamente, com dados do dia anterior (D-1).
* Para as quantidades agregadas por pessoa por mês, o arquivo é atualizado diariamente, com dados do dia anterior (D-1).

Para abrir arquivos CSV pelo Excel, sugerimos seguir a documentação da Microsoft: https://support.microsoft.com/pt-br/office/importar-ou-exportar-arquivos-de-texto-txt-ou-csv-5250ac4c-663c-47ce-937b-339e391393ba#ID0EBBN=Newer_versions

Outros processadores de planilha também são capazes de abrir arquivos CSV normalmente (exemplos: OpenOffice, LibreOffice, etc.).";"corridas do taxigov,despesa,serviço de taxi,taxi,taxigov,terceirização,transporte";"60";"0";"305";"1"
"Ministério da Gestão e da Inovação em Serviços Públicos";"Compras.gov.br Contratos";"O [Compras.gov.br Contratos](https://www.gov.br/compras/pt-br/sistemas/comprasnet-contratos) é a plataforma para gestão de contratações públicas que é disponibilizada pelo governo federal e pode ser utilizada por órgãos e entidades da **administração pública federal** direta, autárquica e fundacional, bem como as empresas estatais; e demais órgãos e entidades de **outros poderes** ou das **esferas estadual e municipal**.

Apresentamos os **valores e saldos de empenhos emitidos no SIAFI** e originados do sistema Contratos.gov.br. 

Após a análise das informações e a revisão da metodologia, constatamos que **nem todos os empenhos disponibilizados estão vinculados aos seus respectivos contratos**. Isso ocorre porque a vinculação depende da **ação manual dos responsáveis pela gestão contratual** do órgão contratante.

Informamos que estão sendo adotadas medidas para **garantir e aprimorar maior precisão das informações orçamentárias** vinculadas às compras e aos contratos.

Este conjunto de dados contém arquivos **CSVs** extraídos do Compras Contratos. A organização dos arquivos disponibilizados possibilita o download de todos os dados de forma **massiva** a partir dos arquivos anuais. Complementarmente também são disponibilizados arquivos **mensais** e **diários** contendo apenas os registros novos ou alterados. Estão disponíveis dados das seguintes tabelas:

* Contratos
* Empenhos
* Históricos
* Cronogramas
* Garantias
* Itens
* Prepostos
* Responsáveis
* Despesas Acessórias
* Faturas
* Terceirizados

Os arquivos possuem registros a partir de Janeiro de 2021, que foi quando o Compras Contratos entrou em operação.

Também é possível navegar pelos arquivos acessando diretamente o repositório em [https://repositorio.dados.gov.br/seges/comprasnet_contratos/](https://repositorio.dados.gov.br/seges/comprasnet_contratos/).

## Histórico de Alterações

**Outubro/2022**

Foi alterado o layout da tabela de **empenhos**, inserindo as colunas:

* unidade
* unidade_nome
* gestao
* data_emissao
* informacao_complementar
* sistema_origem

E alteradas as colunas:

* credor -> cpf_cnpj_credor e cpf_cnpj_credor
* naturezadespesa -> naturezadespesa e naturezadespesa_descricao
* planointerno -> planointerno e planointerno_descricao
* empenhado -> valor_empenhado
* aliquidar -> valor_aliquidar
* liquidado -> valor_liquidado
* pago -> valor_pago
* rpinscrito -> valor_rpinscrito
* rpaliquidar -> valor_rpaliquidar
* rpliquidado -> valor_rpaliquidado
* rppago -> valor_rppago

Além disso, agora também são retornados os empenhos que não possuem nenhum contrato associado.";"Compras Públicas,compras,compras governamentais,comprasnet";"38";"0";"499";"4"
